Date,Time,HomeTeam,AwayTeam,FTHG,FTAG,FTR,HTHG,HTAG,HTR,HS,AS,HST,AST,HF,AF,HC,AC,HY,AY,HR,AR
12/08/2022,20:00,Osasuna,Sevilla FC,2,1,H,1,1,D,12,10,5,3,16,9,5,2,5,3,0,0
13/08/2022,16:00,Celta de Vigo,RCD Espanyol,2,2,D,1,0,H,8,10,3,2,17,15,3,3,5,2,0,0
13/08/2022,18:00,Real Valladolid,Villarreal CF,0,3,A,0,0,D,12,10,6,4,6,10,4,5,1,0,0,0
13/08/2022,20:00,FC Barcelona,Rayo Vallecano,0,0,D,0,0,D,21,4,6,2,16,14,8,0,3,6,1,0
14/08/2022,16:30,Cadiz CF,Real Sociedad,0,1,A,0,1,A,7,15,2,7,9,20,3,6,4,2,0,0
14/08/2022,18:30,Valencia CF,Girona FC,1,0,H,1,0,H,17,5,2,1,18,14,4,4,2,3,1,0
14/08/2022,21:00,UD Almería,Real Madrid,1,2,A,1,0,H,10,29,6,15,11,4,2,15,3,1,0,0
15/08/2022,16:30,Athletic Club,RCD Mallorca,0,0,D,0,0,D,23,6,6,2,13,12,7,2,0,6,0,0
15/08/2022,18:30,Getafe CF,Atlético de Madrid,0,3,A,0,1,A,10,12,0,5,14,19,3,6,2,1,0,0
15/08/2022,20:30,Real Betis,Elche CF,3,0,H,2,0,H,17,4,8,2,10,18,8,4,3,6,0,1
19/08/2022,19:00,RCD Espanyol,Rayo Vallecano,0,2,A,0,1,A,13,8,1,3,12,17,9,2,2,5,1,1
19/08/2022,21:00,Sevilla FC,Real Valladolid,1,1,D,0,0,D,18,6,2,3,20,10,12,2,3,2,1,1
20/08/2022,16:30,Osasuna,Cadiz CF,2,0,H,1,0,H,16,9,3,2,11,13,2,2,2,5,0,1
20/08/2022,18:30,RCD Mallorca,Real Betis,1,2,A,0,1,A,13,8,7,3,22,17,5,2,7,8,0,0
20/08/2022,21:00,Celta de Vigo,Real Madrid,1,4,A,1,2,A,15,16,2,7,12,8,2,2,2,2,0,0
21/08/2022,16:30,Athletic Club,Valencia CF,1,0,H,1,0,H,12,10,2,0,11,15,6,3,5,2,0,0
21/08/2022,18:30,Atlético de Madrid,Villarreal CF,0,2,A,0,0,D,13,19,5,5,8,11,5,6,2,3,1,0
21/08/2022,21:00,Real Sociedad,FC Barcelona,1,4,A,1,1,D,10,15,5,7,16,9,3,6,2,1,0,0
22/08/2022,19:00,Elche CF,UD Almería,1,1,D,1,1,D,13,12,3,7,12,16,6,5,1,4,0,1
22/08/2022,21:00,Girona FC,Getafe CF,3,1,H,1,0,H,12,7,6,3,16,18,5,2,3,6,0,1
26/08/2022,19:00,Girona FC,Celta de Vigo,0,1,A,0,0,D,11,11,3,6,16,13,2,4,2,1,0,0
26/08/2022,21:00,Real Betis,Osasuna,1,0,H,1,0,H,7,12,1,2,9,21,2,4,0,3,1,0
27/08/2022,16:30,Elche CF,Real Sociedad,0,1,A,0,1,A,12,9,5,5,13,18,4,6,3,3,0,0
27/08/2022,18:30,Rayo Vallecano,RCD Mallorca,0,2,A,0,1,A,15,9,0,4,11,18,7,3,1,3,0,0
27/08/2022,21:00,UD Almería,Sevilla FC,2,1,H,1,1,D,11,13,5,5,18,11,5,2,5,8,0,0
28/08/2022,16:30,Getafe CF,Villarreal CF,0,0,D,0,0,D,8,11,2,6,11,19,1,4,1,5,0,0
28/08/2022,18:30,FC Barcelona,Real Valladolid,4,0,H,2,0,H,24,8,9,3,9,8,14,4,0,3,0,0
28/08/2022,21:00,RCD Espanyol,Real Madrid,1,3,A,1,1,D,15,19,4,6,15,12,7,7,0,0,1,0
29/08/2022,19:00,Cadiz CF,Athletic Club,0,4,A,0,1,A,9,20,3,8,18,4,0,6,2,1,0,0
29/08/2022,21:00,Valencia CF,Atlético de Madrid,0,1,A,0,0,D,12,13,2,7,15,17,6,2,4,3,0,0
02/09/2022,20:00,Celta de Vigo,Cadiz CF,3,0,H,0,0,D,9,7,5,0,13,23,2,2,1,2,0,0
03/09/2022,13:00,RCD Mallorca,Girona FC,1,1,D,0,0,D,10,10,4,4,23,9,6,3,4,2,0,0
03/09/2022,15:15,Real Madrid,Real Betis,2,1,H,1,1,D,22,8,4,4,8,12,9,2,0,1,0,0
03/09/2022,17:30,Real Sociedad,Atlético de Madrid,1,1,D,0,1,A,12,15,5,7,18,13,7,7,5,4,0,0
03/09/2022,20:00,Sevilla FC,FC Barcelona,0,3,A,0,2,A,9,18,4,7,15,14,4,4,2,4,0,0
04/09/2022,13:00,Osasuna,Rayo Vallecano,2,1,H,0,0,D,13,5,6,3,14,16,4,0,2,2,0,0
04/09/2022,15:15,Athletic Club,RCD Espanyol,0,1,A,0,0,D,17,9,2,2,12,12,4,2,3,2,0,0
04/09/2022,17:30,Villarreal CF,Elche CF,4,0,H,2,0,H,18,7,10,0,10,9,6,4,1,3,0,0
04/09/2022,20:00,Valencia CF,Getafe CF,5,1,H,3,0,H,24,7,9,4,11,21,9,1,3,6,1,1
05/09/2022,20:00,Real Valladolid,UD Almería,1,0,H,0,0,D,14,12,6,1,11,20,2,8,1,6,0,0
09/09/2022,20:00,Girona FC,Real Valladolid,2,1,H,1,1,D,14,14,5,4,11,15,3,12,0,2,0,0
10/09/2022,13:00,Rayo Vallecano,Valencia CF,2,1,H,1,0,H,14,17,6,4,22,11,7,7,5,2,0,0
10/09/2022,15:15,RCD Espanyol,Sevilla FC,2,3,A,1,3,A,19,11,5,7,11,14,9,3,3,5,0,1
10/09/2022,17:30,Cadiz CF,FC Barcelona,0,4,A,0,0,D,6,16,0,8,12,13,5,6,1,2,0,0
10/09/2022,20:00,Atlético de Madrid,Celta de Vigo,4,1,H,1,0,H,10,14,4,3,11,6,4,7,2,3,0,0
11/09/2022,13:00,Real Madrid,RCD Mallorca,4,1,H,1,1,D,22,5,7,2,7,15,4,3,3,5,0,0
11/09/2022,15:15,Elche CF,Athletic Club,1,4,A,0,4,A,9,16,2,8,15,9,5,5,3,0,0,0
11/09/2022,17:30,Getafe CF,Real Sociedad,2,1,H,1,0,H,8,13,3,6,9,16,3,7,4,1,0,0
11/09/2022,20:00,Real Betis,Villarreal CF,1,0,H,0,0,D,16,14,5,3,11,14,9,8,1,1,0,0
12/09/2022,20:00,UD Almería,Osasuna,0,1,A,0,1,A,7,15,2,4,4,9,5,10,0,2,0,0
16/09/2022,20:00,Real Valladolid,Cadiz CF,0,1,A,0,0,D,18,7,6,1,12,19,8,2,1,4,0,0
17/09/2022,13:00,RCD Mallorca,UD Almería,1,0,H,1,0,H,5,9,2,3,15,14,5,2,3,6,0,0
17/09/2022,15:15,FC Barcelona,Elche CF,3,0,H,2,0,H,25,1,9,1,11,9,6,0,2,2,0,1
17/09/2022,17:30,Valencia CF,Celta de Vigo,3,0,H,1,0,H,14,6,7,2,18,23,5,4,3,2,0,1
17/09/2022,20:00,Athletic Club,Rayo Vallecano,3,2,H,3,1,H,14,11,7,2,13,13,2,7,1,2,0,0
18/09/2022,13:00,Osasuna,Getafe CF,0,2,A,0,1,A,12,10,4,4,15,15,8,1,7,3,1,1
18/09/2022,15:15,Villarreal CF,Sevilla FC,1,1,D,0,1,A,17,12,7,1,15,12,6,4,1,5,0,0
18/09/2022,17:30,Real Betis,Girona FC,2,1,H,1,1,D,9,8,3,3,9,8,2,4,0,3,0,0
18/09/2022,17:30,Real Sociedad,RCD Espanyol,2,1,H,2,1,H,14,14,6,4,18,8,4,2,3,0,0,0
18/09/2022,20:00,Atlético de Madrid,Real Madrid,1,2,A,0,2,A,12,6,5,3,15,16,8,1,4,2,1,0
30/09/2022,20:00,Athletic Club,UD Almería,4,0,H,2,0,H,17,8,4,2,17,8,11,2,1,3,0,0
01/10/2022,13:00,Cadiz CF,Villarreal CF,0,0,D,0,0,D,10,14,2,6,13,8,6,5,2,3,1,0
01/10/2022,15:15,Getafe CF,Real Valladolid,2,3,A,2,2,D,14,14,6,7,23,13,4,2,2,4,0,0
01/10/2022,17:30,Sevilla FC,Atlético de Madrid,0,2,A,0,1,A,14,20,3,6,9,12,5,7,3,2,0,0
01/10/2022,20:00,RCD Mallorca,FC Barcelona,0,1,A,0,1,A,13,11,3,3,9,13,5,5,2,4,0,0
02/10/2022,13:00,RCD Espanyol,Valencia CF,2,2,D,0,0,D,10,12,5,5,16,15,6,4,2,1,1,1
02/10/2022,15:15,Celta de Vigo,Real Betis,1,0,H,1,0,H,11,9,4,4,26,3,5,3,4,3,0,1
02/10/2022,17:30,Girona FC,Real Sociedad,3,5,A,2,2,D,16,11,8,5,9,19,2,2,3,1,0,0
02/10/2022,20:00,Real Madrid,Osasuna,1,1,D,1,0,H,22,8,4,2,9,13,10,2,1,2,0,1
03/10/2022,20:00,Rayo Vallecano,Elche CF,2,1,H,1,1,D,15,5,6,2,5,19,13,3,1,8,0,0
07/10/2022,20:00,Osasuna,Valencia CF,1,2,A,0,1,A,11,15,2,7,11,19,7,5,3,6,2,1
08/10/2022,13:00,UD Almería,Rayo Vallecano,3,1,H,3,0,H,10,12,4,4,22,12,7,6,4,2,1,0
08/10/2022,15:15,Atlético de Madrid,Girona FC,2,1,H,1,0,H,13,11,7,4,12,13,8,3,3,1,0,0
08/10/2022,17:30,Sevilla FC,Athletic Club,1,1,D,1,0,H,10,21,3,4,19,14,5,7,4,0,0,1
08/10/2022,20:00,Getafe CF,Real Madrid,0,1,A,0,1,A,9,19,2,4,10,5,4,4,0,0,0,0
09/10/2022,13:00,Real Valladolid,Real Betis,0,0,D,0,0,D,12,4,3,1,12,16,3,1,1,1,0,1
09/10/2022,15:15,Cadiz CF,RCD Espanyol,2,2,D,1,0,H,8,9,3,6,13,12,8,3,4,4,0,0
09/10/2022,17:30,Real Sociedad,Villarreal CF,1,0,H,1,0,H,17,5,5,1,21,18,9,3,5,3,0,0
09/10/2022,20:00,FC Barcelona,Celta de Vigo,1,0,H,1,0,H,13,14,5,3,16,9,6,3,2,4,0,0
10/10/2022,20:00,Elche CF,RCD Mallorca,1,1,D,1,0,H,7,11,2,4,12,17,5,7,4,5,1,1
14/10/2022,20:00,Rayo Vallecano,Getafe CF,0,0,D,0,0,D,16,6,3,3,13,17,4,1,2,3,0,0
15/10/2022,13:00,Girona FC,Cadiz CF,1,1,D,0,0,D,23,9,6,2,16,9,6,2,5,4,0,0
15/10/2022,15:15,Valencia CF,Elche CF,2,2,D,2,1,H,20,8,8,6,14,19,6,1,3,6,0,0
15/10/2022,17:30,RCD Mallorca,Sevilla FC,0,1,A,0,0,D,9,4,5,1,17,15,1,3,2,3,0,0
15/10/2022,20:00,Athletic Club,Atlético de Madrid,0,1,A,0,0,D,13,3,3,1,14,17,6,1,0,6,0,0
16/10/2022,13:00,Celta de Vigo,Real Sociedad,1,2,A,1,1,D,10,8,3,6,14,17,1,6,5,7,1,0
16/10/2022,15:15,Real Madrid,FC Barcelona,3,1,H,2,0,H,8,18,4,5,11,14,2,3,2,2,0,0
16/10/2022,17:30,RCD Espanyol,Real Valladolid,1,0,H,0,0,D,15,14,3,2,13,11,6,4,1,4,0,0
16/10/2022,20:00,Real Betis,UD Almería,3,1,H,1,0,H,15,12,6,5,6,7,9,3,1,1,0,0
17/10/2022,20:00,Villarreal CF,Osasuna,2,0,H,1,0,H,12,14,9,3,14,23,8,4,2,6,0,0
18/10/2022,18:00,Sevilla FC,Valencia CF,1,1,D,0,1,A,18,13,5,5,11,26,11,6,4,7,1,0
18/10/2022,19:00,Getafe CF,Athletic Club,2,2,D,1,1,D,11,14,4,4,14,11,7,4,7,4,0,0
18/10/2022,20:00,Atlético de Madrid,Rayo Vallecano,1,1,D,1,0,H,12,14,4,4,11,11,3,4,3,0,0,0
19/10/2022,18:00,Cadiz CF,Real Betis,0,0,D,0,0,D,13,12,3,3,15,7,4,9,1,2,0,1
19/10/2022,18:00,Real Valladolid,Celta de Vigo,4,1,H,1,1,D,9,22,7,5,12,11,3,7,1,1,0,0
19/10/2022,19:00,Real Sociedad,RCD Mallorca,1,0,H,1,0,H,14,12,7,3,18,9,10,7,1,2,0,0
19/10/2022,20:00,Elche CF,Real Madrid,0,3,A,0,1,A,10,10,3,7,14,10,8,2,1,1,0,0
20/10/2022,18:00,UD Almería,Girona FC,3,2,H,3,0,H,13,14,7,5,14,14,4,5,1,3,0,0
20/10/2022,19:00,Osasuna,RCD Espanyol,1,0,H,0,0,D,17,5,5,3,17,15,9,2,1,2,0,0
20/10/2022,20:00,FC Barcelona,Villarreal CF,3,0,H,3,0,H,16,5,5,1,18,11,8,0,0,1,0,0
22/10/2022,13:00,Rayo Vallecano,Cadiz CF,5,1,H,2,0,H,28,3,11,0,13,12,10,1,1,4,1,2
22/10/2022,15:15,Real Valladolid,Real Sociedad,1,0,H,1,0,H,9,20,2,2,19,14,4,10,2,3,0,0
22/10/2022,17:30,Valencia CF,RCD Mallorca,1,2,A,0,0,D,13,10,3,5,14,19,5,3,3,5,0,0
22/10/2022,20:00,Real Madrid,Sevilla FC,3,1,H,1,0,H,18,9,6,2,9,12,4,3,1,4,0,0
23/10/2022,13:00,RCD Espanyol,Elche CF,2,2,D,1,1,D,13,9,5,4,13,10,5,3,2,3,0,0
23/10/2022,15:15,Real Betis,Atlético de Madrid,1,2,A,0,0,D,17,9,4,3,10,17,7,4,2,3,0,0
23/10/2022,17:30,Girona FC,Osasuna,1,1,D,1,1,D,7,9,1,2,11,11,3,5,2,3,0,0
23/10/2022,17:30,Villarreal CF,UD Almería,2,1,H,0,1,A,11,15,5,4,7,8,10,4,4,1,1,0
23/10/2022,20:00,FC Barcelona,Athletic Club,4,0,H,3,0,H,10,5,7,3,7,13,1,2,2,2,0,0
24/10/2022,20:00,Celta de Vigo,Getafe CF,1,1,D,0,1,A,17,4,5,1,10,13,10,0,1,1,0,0
28/10/2022,20:00,RCD Mallorca,RCD Espanyol,1,1,D,0,0,D,12,7,5,2,15,9,4,4,4,1,0,0
29/10/2022,13:00,UD Almería,Celta de Vigo,3,1,H,0,1,A,19,8,5,3,10,7,6,4,4,0,0,1
29/10/2022,15:15,Cadiz CF,Atlético de Madrid,3,2,H,1,0,H,10,15,7,7,15,12,5,3,2,4,0,0
29/10/2022,17:30,Sevilla FC,Rayo Vallecano,0,1,A,0,0,D,10,15,4,5,9,20,6,6,6,1,0,0
29/10/2022,20:00,Valencia CF,FC Barcelona,0,1,A,0,0,D,3,13,2,2,13,7,3,10,4,5,0,0
30/10/2022,13:00,Osasuna,Real Valladolid,2,0,H,2,0,H,20,7,10,2,14,16,1,8,1,3,0,0
30/10/2022,15:15,Real Madrid,Girona FC,1,1,D,0,0,D,19,8,6,2,16,8,7,1,3,3,1,0
30/10/2022,17:30,Athletic Club,Villarreal CF,1,0,H,0,0,D,19,6,7,3,12,10,6,2,2,1,0,0
30/10/2022,20:00,Real Sociedad,Real Betis,0,2,A,0,0,D,14,10,7,4,22,16,5,3,4,4,0,0
31/10/2022,20:00,Elche CF,Getafe CF,0,1,A,0,0,D,12,8,5,3,12,11,6,2,0,3,0,1
04/11/2022,20:00,Girona FC,Athletic Club,2,1,H,0,0,D,19,11,10,7,11,11,7,1,1,1,0,0
05/11/2022,13:00,Getafe CF,Cadiz CF,0,0,D,0,0,D,13,15,2,4,15,16,5,5,5,2,2,1
05/11/2022,15:15,Real Valladolid,Elche CF,2,1,H,1,0,H,16,4,11,2,9,10,8,4,2,0,0,0
05/11/2022,17:30,Celta de Vigo,Osasuna,1,2,A,1,2,A,13,8,5,4,12,20,2,3,1,5,0,0
05/11/2022,20:00,FC Barcelona,UD Almería,2,0,H,0,0,D,27,4,13,1,14,13,9,1,2,1,0,0
06/11/2022,13:00,Atlético de Madrid,RCD Espanyol,1,1,D,0,0,D,27,6,7,2,13,10,12,2,3,5,0,1
06/11/2022,15:15,Real Sociedad,Valencia CF,1,1,D,1,1,D,9,14,4,3,11,12,1,11,2,0,1,0
06/11/2022,17:30,Villarreal CF,RCD Mallorca,0,2,A,0,1,A,9,7,2,5,17,16,5,2,4,6,0,0
06/11/2022,20:00,Real Betis,Sevilla FC,1,1,D,1,0,H,9,22,4,6,6,20,1,4,4,5,2,1
07/11/2022,20:00,Rayo Vallecano,Real Madrid,3,2,H,2,2,D,15,16,7,2,22,11,4,5,4,5,0,0
08/11/2022,18:00,Elche CF,Girona FC,1,2,A,1,1,D,11,21,2,3,16,9,2,5,3,2,0,0
08/11/2022,19:00,Athletic Club,Real Valladolid,3,0,H,1,0,H,19,8,6,0,20,6,10,2,3,1,0,0
08/11/2022,20:30,Osasuna,FC Barcelona,1,2,A,1,0,H,15,9,3,3,15,6,2,5,4,4,0,2
09/11/2022,18:00,UD Almería,Getafe CF,1,0,H,1,0,H,8,11,3,3,17,8,7,6,8,4,1,0
09/11/2022,18:00,Sevilla FC,Real Sociedad,1,2,A,1,2,A,6,17,3,9,9,12,2,1,2,2,2,0
09/11/2022,19:00,RCD Espanyol,Villarreal CF,0,1,A,0,0,D,14,10,6,3,11,6,4,7,1,3,0,0
09/11/2022,20:30,RCD Mallorca,Atlético de Madrid,1,0,H,1,0,H,9,17,3,5,14,17,2,5,5,3,0,0
10/11/2022,18:00,Rayo Vallecano,Celta de Vigo,0,0,D,0,0,D,10,11,3,3,19,16,5,3,7,1,0,0
10/11/2022,19:00,Valencia CF,Real Betis,3,0,H,0,0,D,15,5,7,1,12,9,5,5,1,3,0,1
10/11/2022,20:30,Real Madrid,Cadiz CF,2,1,H,1,0,H,18,10,5,5,12,16,7,1,3,3,0,0
29/12/2022,16:00,Girona FC,Rayo Vallecano,2,2,D,1,1,D,16,12,7,4,14,14,2,4,3,2,0,0
29/12/2022,18:15,Real Betis,Athletic Club,0,0,D,0,0,D,9,10,5,0,8,17,2,6,1,4,1,0
29/12/2022,20:30,Atlético de Madrid,Elche CF,2,0,H,0,0,D,18,5,4,1,14,20,3,5,3,4,1,2
30/12/2022,16:00,Getafe CF,RCD Mallorca,2,0,H,0,0,D,14,3,6,0,10,19,4,2,0,1,0,0
30/12/2022,18:15,Cadiz CF,UD Almería,1,1,D,0,1,A,12,18,6,9,7,14,3,2,2,0,0,0
30/12/2022,18:15,Celta de Vigo,Sevilla FC,1,1,D,1,0,H,17,7,5,5,11,13,5,6,2,4,0,1
30/12/2022,20:30,Real Valladolid,Real Madrid,0,2,A,0,0,D,14,19,4,8,7,9,5,9,2,0,1,0
31/12/2022,13:00,FC Barcelona,RCD Espanyol,1,1,D,1,0,H,21,4,6,1,11,15,10,2,6,7,1,1
31/12/2022,15:15,Real Sociedad,Osasuna,2,0,H,1,0,H,9,11,2,3,10,15,3,2,1,1,0,0
31/12/2022,15:15,Villarreal CF,Valencia CF,2,1,H,1,1,D,14,13,8,4,12,16,5,2,1,3,0,0
06/01/2023,17:30,Elche CF,Celta de Vigo,0,1,A,0,1,A,13,14,5,7,15,15,8,4,3,1,1,0
06/01/2023,20:00,Valencia CF,Cadiz CF,0,1,A,0,1,A,11,6,2,2,14,21,13,2,5,6,0,0
07/01/2023,15:15,Villarreal CF,Real Madrid,2,1,H,0,0,D,17,13,5,3,13,6,6,5,4,1,0,0
07/01/2023,17:30,RCD Mallorca,Real Valladolid,1,0,H,0,0,D,13,9,4,1,14,17,6,2,2,3,0,0
07/01/2023,20:00,RCD Espanyol,Girona FC,2,2,D,0,1,A,12,12,6,5,13,16,5,2,3,2,0,0
08/01/2023,13:00,UD Almería,Real Sociedad,0,2,A,0,0,D,6,9,1,6,13,14,4,2,1,0,0,0
08/01/2023,15:15,Rayo Vallecano,Real Betis,1,2,A,1,2,A,15,14,3,3,10,16,5,7,3,2,0,0
08/01/2023,17:30,Sevilla FC,Getafe CF,2,1,H,1,0,H,11,11,5,2,13,16,4,4,3,3,0,0
08/01/2023,20:00,Atlético de Madrid,FC Barcelona,0,1,A,0,1,A,20,10,5,2,8,16,7,4,2,3,1,1
09/01/2023,20:00,Athletic Club,Osasuna,0,0,D,0,0,D,17,3,3,1,8,13,14,1,0,1,0,0
13/01/2023,20:00,Celta de Vigo,Villarreal CF,1,1,D,0,1,A,21,3,8,1,11,8,14,3,0,2,0,0
14/01/2023,13:00,Real Valladolid,Rayo Vallecano,0,1,A,0,0,D,9,13,2,6,17,18,4,8,2,2,0,0
14/01/2023,15:15,Girona FC,Sevilla FC,2,1,H,0,1,A,19,10,7,2,11,7,5,2,3,1,0,0
14/01/2023,17:30,Osasuna,RCD Mallorca,1,0,H,0,0,D,15,6,4,2,15,19,3,1,2,3,0,0
14/01/2023,20:00,Real Sociedad,Athletic Club,3,1,H,2,1,H,11,6,5,2,20,15,4,2,5,1,0,1
15/01/2023,13:00,Getafe CF,RCD Espanyol,1,2,A,1,1,D,10,10,2,4,20,13,5,1,2,3,0,0
15/01/2023,15:15,UD Almería,Atlético de Madrid,1,1,D,1,1,D,14,12,3,6,14,12,3,4,4,4,0,1
16/01/2023,20:00,Cadiz CF,Elche CF,1,1,D,1,0,H,16,12,3,5,11,21,3,6,3,2,0,0
20/01/2023,20:00,RCD Mallorca,Celta de Vigo,1,0,H,0,0,D,8,10,3,3,15,11,4,6,2,3,0,0
21/01/2023,13:00,Rayo Vallecano,Real Sociedad,0,2,A,0,2,A,14,12,2,7,11,11,3,4,0,0,0,0
21/01/2023,15:15,RCD Espanyol,Real Betis,1,0,H,1,0,H,8,13,2,4,18,8,7,4,3,2,0,0
21/01/2023,17:30,Atlético de Madrid,Real Valladolid,3,0,H,3,0,H,18,7,8,1,12,7,4,1,1,1,0,0
21/01/2023,20:00,Sevilla FC,Cadiz CF,1,0,H,0,0,D,17,4,9,1,15,14,8,1,1,4,0,1
22/01/2023,13:00,Villarreal CF,Girona FC,1,0,H,0,0,D,19,8,9,1,21,15,3,2,5,5,0,1
22/01/2023,15:15,Elche CF,Osasuna,1,1,D,0,1,A,13,8,4,4,19,9,7,2,2,1,0,0
22/01/2023,17:30,FC Barcelona,Getafe CF,1,0,H,1,0,H,8,7,4,3,11,6,4,2,1,2,0,0
22/01/2023,20:00,Athletic Club,Real Madrid,0,2,A,0,1,A,18,10,3,4,17,10,12,2,3,2,0,0
23/01/2023,20:00,Valencia CF,UD Almería,2,2,D,0,0,D,16,14,6,3,8,8,6,2,2,1,0,0
27/01/2023,20:00,UD Almería,RCD Espanyol,3,1,H,1,0,H,19,6,7,3,16,6,2,2,3,3,0,0
28/01/2023,13:00,Cadiz CF,RCD Mallorca,2,0,H,2,0,H,11,9,4,2,13,12,6,2,2,2,0,0
28/01/2023,15:15,Girona FC,FC Barcelona,0,1,A,0,0,D,8,8,2,3,10,15,4,2,2,3,1,0
28/01/2023,17:30,Sevilla FC,Elche CF,3,0,H,3,0,H,22,6,8,1,7,8,5,2,1,3,0,1
28/01/2023,20:00,Getafe CF,Real Betis,0,1,A,0,0,D,6,13,1,2,25,12,6,1,4,2,0,0
29/01/2023,13:00,Real Valladolid,Valencia CF,1,0,H,0,0,D,13,15,6,2,14,15,4,7,3,1,0,0
29/01/2023,15:15,Osasuna,Atlético de Madrid,0,1,A,0,0,D,14,13,4,5,13,7,5,4,1,0,0,0
29/01/2023,17:30,Celta de Vigo,Athletic Club,1,0,H,0,0,D,9,5,3,0,17,19,2,5,3,2,0,0
29/01/2023,20:00,Real Madrid,Real Sociedad,0,0,D,0,0,D,20,8,7,3,8,19,10,3,1,4,0,0
30/01/2023,20:00,Villarreal CF,Rayo Vallecano,0,1,A,0,0,D,12,11,3,3,11,18,5,4,2,3,0,0
01/02/2023,20:00,Real Betis,FC Barcelona,1,2,A,0,0,D,5,13,1,3,17,9,1,6,3,0,1,0
02/02/2023,20:00,Real Madrid,Valencia CF,2,0,H,0,0,D,19,4,7,0,12,17,6,6,3,1,0,1
03/02/2023,20:00,Athletic Club,Cadiz CF,4,1,H,3,1,H,17,15,9,3,14,12,0,3,2,1,1,0
04/02/2023,13:00,RCD Espanyol,Osasuna,1,1,D,0,1,A,9,9,4,3,9,17,4,3,3,5,1,1
04/02/2023,15:15,Elche CF,Villarreal CF,3,1,H,2,1,H,18,14,7,2,19,8,6,10,4,2,0,0
04/02/2023,17:30,Atlético de Madrid,Getafe CF,1,1,D,0,0,D,12,9,4,1,11,18,8,0,3,5,0,0
04/02/2023,20:00,Real Betis,Celta de Vigo,3,4,A,2,2,D,15,9,7,7,11,13,5,5,2,3,1,0
05/02/2023,13:00,RCD Mallorca,Real Madrid,1,0,H,1,0,H,4,20,1,1,29,14,1,12,5,5,0,0
05/02/2023,15:15,Girona FC,Valencia CF,1,0,H,0,0,D,20,8,8,4,11,10,8,4,1,4,0,0
05/02/2023,17:30,Real Sociedad,Real Valladolid,0,1,A,0,0,D,15,7,4,2,17,14,0,4,4,5,0,0
05/02/2023,20:00,FC Barcelona,Sevilla FC,3,0,H,0,0,D,16,3,7,1,8,10,8,3,0,2,0,0
06/02/2023,20:00,Rayo Vallecano,UD Almería,2,0,H,0,0,D,15,14,11,5,16,9,3,7,3,3,0,0
10/02/2023,20:00,Cadiz CF,Girona FC,2,0,H,2,0,H,12,7,3,1,17,11,5,6,4,4,0,0
11/02/2023,15:15,UD Almería,Real Betis,2,3,A,1,2,A,16,12,9,7,12,10,8,2,2,3,0,0
11/02/2023,17:30,Sevilla FC,RCD Mallorca,2,0,H,2,0,H,15,6,6,0,9,14,8,2,5,2,0,0
11/02/2023,20:00,Valencia CF,Athletic Club,1,2,A,1,1,D,18,11,8,3,11,17,7,1,2,2,0,0
12/02/2023,13:00,Getafe CF,Rayo Vallecano,1,1,D,0,1,A,13,19,4,4,21,19,5,6,4,4,1,0
12/02/2023,15:15,Celta de Vigo,Atlético de Madrid,0,1,A,0,0,D,14,10,3,2,10,13,7,5,2,2,0,1
12/02/2023,17:30,Real Valladolid,Osasuna,0,0,D,0,0,D,18,15,5,4,13,16,10,4,1,3,0,0
12/02/2023,20:00,Villarreal CF,FC Barcelona,0,1,A,0,1,A,11,7,2,4,22,18,6,2,4,4,0,0
13/02/2023,20:00,RCD Espanyol,Real Sociedad,2,3,A,0,1,A,10,11,6,5,9,17,4,3,4,1,1,0
15/02/2023,20:00,Real Madrid,Elche CF,4,0,H,3,0,H,26,7,13,0,5,13,6,4,1,3,0,0
17/02/2023,20:00,Girona FC,UD Almería,6,2,H,4,0,H,14,16,8,4,10,8,1,7,1,1,0,0
18/02/2023,13:00,Real Sociedad,Celta de Vigo,1,1,D,1,0,H,9,18,3,4,14,12,3,7,3,5,0,1
18/02/2023,15:15,Real Betis,Real Valladolid,2,1,H,2,1,H,16,17,10,3,18,15,4,6,3,5,0,0
18/02/2023,17:30,RCD Mallorca,Villarreal CF,4,2,H,2,1,H,13,8,5,4,19,8,4,4,5,0,0,1
18/02/2023,20:00,Osasuna,Real Madrid,0,2,A,0,0,D,11,11,4,6,17,7,5,5,3,2,0,0
19/02/2023,13:00,Elche CF,RCD Espanyol,0,1,A,0,0,D,19,11,5,4,11,12,10,5,2,3,1,0
19/02/2023,15:15,Rayo Vallecano,Sevilla FC,1,1,D,0,1,A,18,7,5,2,15,6,7,3,4,1,0,0
19/02/2023,17:30,Atlético de Madrid,Athletic Club,1,0,H,0,0,D,17,8,5,2,7,13,6,5,2,3,0,0
19/02/2023,20:00,FC Barcelona,Cadiz CF,2,0,H,2,0,H,16,14,5,4,15,18,5,6,2,3,0,0
20/02/2023,20:00,Getafe CF,Valencia CF,1,0,H,0,0,D,15,8,6,3,11,8,4,5,6,1,0,0
24/02/2023,20:00,Elche CF,Real Betis,2,3,A,2,0,H,4,21,2,9,16,9,3,3,4,1,2,0
25/02/2023,13:00,RCD Espanyol,RCD Mallorca,2,1,H,1,1,D,9,15,3,4,15,18,0,4,2,2,0,0
25/02/2023,15:15,Cadiz CF,Rayo Vallecano,1,0,H,0,0,D,5,11,3,2,19,19,4,6,3,4,0,1
25/02/2023,17:30,Real Madrid,Atlético de Madrid,1,1,D,0,0,D,18,7,7,2,10,8,7,4,3,3,0,1
25/02/2023,20:00,Valencia CF,Real Sociedad,1,0,H,1,0,H,8,11,3,3,13,12,7,8,6,3,0,0
26/02/2023,13:00,Athletic Club,Girona FC,2,3,A,1,3,A,17,8,3,4,17,8,11,3,5,5,0,0
26/02/2023,15:15,Celta de Vigo,Real Valladolid,3,0,H,2,0,H,18,6,4,3,6,5,5,4,1,3,0,1
26/02/2023,17:30,UD Almería,FC Barcelona,1,0,H,1,0,H,7,14,4,1,13,11,4,7,3,3,0,0
26/02/2023,20:00,Sevilla FC,Osasuna,2,3,A,0,1,A,22,11,8,4,10,15,10,2,4,2,1,0
27/02/2023,20:00,Villarreal CF,Getafe CF,2,1,H,1,1,D,11,8,5,3,9,13,6,6,0,1,0,0
03/03/2023,20:00,Real Sociedad,Cadiz CF,0,0,D,0,0,D,15,6,3,2,18,18,4,0,0,1,0,0
04/03/2023,13:00,Getafe CF,Girona FC,3,2,H,3,0,H,10,9,6,7,24,11,3,3,5,4,0,0
04/03/2023,15:15,UD Almería,Villarreal CF,0,2,A,0,0,D,6,16,0,6,11,10,2,10,2,4,0,0
04/03/2023,17:30,RCD Mallorca,Elche CF,0,1,A,0,0,D,14,15,3,6,17,14,6,7,3,3,0,0
04/03/2023,20:00,Atlético de Madrid,Sevilla FC,6,1,H,2,1,H,18,8,8,1,12,11,7,3,1,4,0,1
05/03/2023,13:00,Real Valladolid,RCD Espanyol,2,1,H,1,0,H,15,12,5,2,4,11,9,6,3,2,0,0
05/03/2023,15:15,FC Barcelona,Valencia CF,1,0,H,1,0,H,13,13,4,1,11,13,5,2,0,0,1,0
05/03/2023,17:30,Rayo Vallecano,Athletic Club,0,0,D,0,0,D,18,16,2,3,9,17,7,9,1,0,0,1
05/03/2023,20:00,Real Betis,Real Madrid,0,0,D,0,0,D,8,15,4,5,12,13,5,3,3,4,0,0
06/03/2023,20:00,Osasuna,Celta de Vigo,0,0,D,0,0,D,10,6,5,0,12,12,6,4,0,2,0,0
10/03/2023,20:00,Cadiz CF,Getafe CF,2,2,D,1,0,H,11,16,4,10,13,16,2,6,4,5,1,1
11/03/2023,13:00,Real Madrid,RCD Espanyol,3,1,H,2,1,H,22,10,7,3,12,17,7,4,3,2,0,0
11/03/2023,15:15,Elche CF,Real Valladolid,1,1,D,0,1,A,24,5,10,1,19,11,10,3,4,6,0,2
11/03/2023,17:30,Celta de Vigo,Rayo Vallecano,3,0,H,0,0,D,15,12,6,3,13,12,3,7,2,3,0,0
11/03/2023,20:00,Valencia CF,Osasuna,1,0,H,0,0,D,8,7,4,0,8,19,12,3,2,5,0,0
12/03/2023,13:00,RCD Mallorca,Real Sociedad,1,1,D,0,1,A,8,8,2,2,19,20,3,2,2,2,0,1
12/03/2023,15:15,Sevilla FC,UD Almería,2,1,H,1,1,D,27,13,5,5,8,11,6,4,4,4,0,0
12/03/2023,17:30,Villarreal CF,Real Betis,1,1,D,0,1,A,15,6,4,3,8,11,2,4,3,2,0,0
12/03/2023,20:00,Athletic Club,FC Barcelona,0,1,A,0,1,A,15,10,5,2,13,7,5,3,2,1,0,0
13/03/2023,20:00,Girona FC,Atlético de Madrid,0,1,A,0,0,D,6,14,4,4,6,12,1,3,2,3,0,0
17/03/2023,20:00,Real Valladolid,Athletic Club,1,3,A,0,1,A,15,15,3,6,9,14,2,9,2,2,0,0
18/03/2023,13:00,UD Almería,Cadiz CF,1,1,D,0,0,D,17,10,5,4,12,12,5,2,1,4,0,0
18/03/2023,15:15,Rayo Vallecano,Girona FC,2,2,D,2,1,H,15,12,3,4,15,16,3,5,2,2,0,0
18/03/2023,17:30,RCD Espanyol,Celta de Vigo,1,3,A,0,2,A,11,8,3,4,11,12,4,1,2,2,0,0
18/03/2023,20:00,Atlético de Madrid,Valencia CF,3,0,H,1,0,H,14,9,6,1,12,9,4,2,2,0,0,0
19/03/2023,13:00,Real Betis,RCD Mallorca,1,0,H,0,0,D,10,5,3,1,8,15,4,4,1,2,0,0
19/03/2023,15:15,Osasuna,Villarreal CF,0,3,A,0,1,A,10,12,2,6,15,7,7,1,3,2,0,0
19/03/2023,15:15,Real Sociedad,Elche CF,2,0,H,0,0,D,17,4,4,3,16,16,5,3,2,1,0,0
19/03/2023,17:30,Getafe CF,Sevilla FC,2,0,H,0,0,D,15,11,4,4,22,10,4,1,4,2,0,0
19/03/2023,20:00,FC Barcelona,Real Madrid,2,1,H,1,1,D,17,11,7,3,12,13,8,1,4,3,0,0
31/03/2023,20:00,RCD Mallorca,Osasuna,0,0,D,0,0,D,10,11,1,2,19,17,2,3,7,3,1,0
01/04/2023,13:00,Girona FC,RCD Espanyol,2,1,H,0,0,D,14,5,4,1,12,16,5,2,4,2,0,1
01/04/2023,15:15,Athletic Club,Getafe CF,0,0,D,0,0,D,17,9,3,1,8,9,13,3,0,0,0,0
01/04/2023,17:30,Cadiz CF,Sevilla FC,0,2,A,0,0,D,14,11,3,5,9,14,8,4,3,4,0,0
01/04/2023,20:00,Elche CF,FC Barcelona,0,4,A,0,1,A,15,12,2,6,11,11,11,3,0,3,0,0
02/04/2023,13:00,Celta de Vigo,UD Almería,2,2,D,2,2,D,21,8,5,3,13,12,4,1,3,5,0,0
02/04/2023,15:15,Real Madrid,Real Valladolid,6,0,H,4,0,H,30,12,17,2,17,11,9,1,0,1,0,0
02/04/2023,17:30,Villarreal CF,Real Sociedad,2,0,H,0,0,D,16,16,4,3,12,19,4,4,5,3,1,0
02/04/2023,20:00,Atlético de Madrid,Real Betis,1,0,H,0,0,D,13,6,7,2,20,11,5,1,1,2,0,0
03/04/2023,20:00,Valencia CF,Rayo Vallecano,1,1,D,0,1,A,18,7,4,2,15,16,13,3,2,3,0,0
07/04/2023,20:00,Sevilla FC,Celta de Vigo,2,2,D,1,0,H,7,9,2,4,11,9,8,3,6,2,2,0
08/04/2023,13:00,Osasuna,Elche CF,2,1,H,0,1,A,22,7,6,1,15,7,9,2,1,3,0,0
08/04/2023,15:15,RCD Espanyol,Athletic Club,1,2,A,0,1,A,9,12,2,7,14,18,8,7,6,4,1,0
08/04/2023,17:30,Real Sociedad,Getafe CF,2,0,H,1,0,H,11,6,6,4,11,9,3,2,2,1,0,0
08/04/2023,20:00,Real Madrid,Villarreal CF,2,3,A,1,1,D,18,17,4,8,8,19,6,7,0,3,0,0
09/04/2023,13:00,Real Valladolid,RCD Mallorca,3,3,D,1,0,H,10,14,6,6,13,20,1,2,3,5,0,0
09/04/2023,15:15,Real Betis,Cadiz CF,0,2,A,0,0,D,9,15,3,4,18,16,5,6,3,3,2,0
09/04/2023,17:30,UD Almería,Valencia CF,2,1,H,0,0,D,10,11,4,4,11,11,3,7,3,2,0,0
09/04/2023,20:00,Rayo Vallecano,Atlético de Madrid,1,2,A,0,2,A,15,14,3,4,8,7,8,2,0,0,1,0
10/04/2023,20:00,FC Barcelona,Girona FC,0,0,D,0,0,D,18,5,3,0,14,14,12,2,0,2,0,0
14/04/2023,20:00,Rayo Vallecano,Osasuna,2,1,H,2,0,H,12,8,3,4,18,16,2,3,2,3,0,0
15/04/2023,13:00,Villarreal CF,Real Valladolid,1,2,A,0,2,A,22,14,7,7,9,18,8,5,1,6,0,0
15/04/2023,15:15,Athletic Club,Real Sociedad,2,0,H,1,0,H,13,13,5,4,16,14,5,2,5,2,0,0
15/04/2023,17:30,Real Betis,RCD Espanyol,3,1,H,2,0,H,15,13,8,4,9,13,4,13,2,2,0,0
15/04/2023,20:00,Cadiz CF,Real Madrid,0,2,A,0,0,D,12,35,3,11,12,7,2,9,1,0,0,0
16/04/2023,13:00,Girona FC,Elche CF,2,0,H,1,0,H,14,13,4,5,9,14,3,4,3,3,0,1
16/04/2023,15:15,Getafe CF,FC Barcelona,0,0,D,0,0,D,5,15,1,3,13,12,1,5,2,1,0,0
16/04/2023,17:30,Atlético de Madrid,UD Almería,2,1,H,2,1,H,19,2,7,0,7,8,9,2,3,3,0,0
16/04/2023,20:00,Valencia CF,Sevilla FC,0,2,A,0,0,D,13,6,3,3,10,17,6,2,1,4,1,0
17/04/2023,20:00,Celta de Vigo,RCD Mallorca,0,1,A,0,1,A,12,8,3,2,10,19,7,5,2,1,1,0
21/04/2023,20:00,RCD Espanyol,Cadiz CF,0,0,D,0,0,D,14,11,5,2,8,22,6,3,4,2,0,0
22/04/2023,13:00,Osasuna,Real Betis,3,2,H,3,1,H,10,21,5,6,20,13,5,13,2,0,0,0
22/04/2023,15:15,UD Almería,Athletic Club,1,2,A,0,1,A,12,14,4,3,8,20,3,4,2,4,0,0
22/04/2023,17:30,Real Sociedad,Rayo Vallecano,2,1,H,0,0,D,7,7,1,2,18,19,3,3,1,2,0,0
22/04/2023,17:30,Real Valladolid,Girona FC,1,0,H,1,0,H,15,12,6,6,14,9,5,7,1,1,0,0
22/04/2023,20:00,Real Madrid,Celta de Vigo,2,0,H,1,0,H,17,12,5,2,10,10,8,3,1,2,0,0
23/04/2023,13:00,Elche CF,Valencia CF,0,2,A,0,2,A,7,5,1,3,12,6,11,6,3,1,0,0
23/04/2023,15:15,FC Barcelona,Atlético de Madrid,1,0,H,1,0,H,13,13,4,3,15,16,3,3,4,7,0,0
23/04/2023,17:30,RCD Mallorca,Getafe CF,3,1,H,0,1,A,8,3,4,1,15,18,2,2,2,3,0,0
23/04/2023,20:00,Sevilla FC,Villarreal CF,2,1,H,1,0,H,17,17,4,5,12,10,5,3,1,2,0,0
25/04/2023,18:30,Cadiz CF,Osasuna,0,1,A,0,0,D,20,6,4,4,8,15,11,2,0,1,0,1
25/04/2023,18:30,Girona FC,Real Madrid,4,2,H,2,1,H,13,18,5,3,7,6,3,8,1,2,0,0
25/04/2023,21:00,Real Betis,Real Sociedad,0,0,D,0,0,D,10,10,1,3,13,23,2,4,1,3,0,0
26/04/2023,18:30,Atlético de Madrid,RCD Mallorca,3,1,H,1,1,D,24,6,9,2,10,9,5,8,0,0,0,0
26/04/2023,18:30,Getafe CF,UD Almería,1,2,A,0,1,A,21,23,9,11,15,9,4,6,2,2,1,0
26/04/2023,21:00,Celta de Vigo,Elche CF,1,0,H,0,0,D,17,16,9,1,9,12,10,6,0,0,0,0
26/04/2023,21:00,Rayo Vallecano,FC Barcelona,2,1,H,1,0,H,9,10,6,5,10,14,3,9,1,4,0,0
27/04/2023,18:30,Valencia CF,Real Valladolid,2,1,H,0,1,A,18,8,5,2,16,17,6,2,0,4,0,0
27/04/2023,18:30,Villarreal CF,RCD Espanyol,4,2,H,0,1,A,31,13,13,4,14,10,9,2,2,4,0,1
27/04/2023,21:00,Athletic Club,Sevilla FC,0,1,A,0,0,D,7,4,2,1,7,11,8,2,3,3,0,0
28/04/2023,20:00,Osasuna,Real Sociedad,0,2,A,0,1,A,13,12,1,8,12,15,4,2,3,1,0,0
29/04/2023,15:15,Elche CF,Rayo Vallecano,4,0,H,1,0,H,18,14,9,3,13,16,3,8,1,2,0,1
29/04/2023,17:30,Real Madrid,UD Almería,4,2,H,3,1,H,15,9,12,3,12,16,7,0,2,2,0,0
29/04/2023,20:00,FC Barcelona,Real Betis,4,0,H,3,0,H,15,4,8,1,10,9,10,0,0,2,0,1
30/04/2023,13:00,Cadiz CF,Valencia CF,2,1,H,1,0,H,8,16,4,4,14,10,5,6,6,2,0,0
30/04/2023,15:15,Villarreal CF,Celta de Vigo,3,1,H,2,1,H,9,14,3,5,12,11,4,9,1,4,0,0
30/04/2023,17:30,RCD Espanyol,Getafe CF,1,0,H,1,0,H,17,7,8,2,12,23,6,3,3,5,0,0
30/04/2023,20:00,Real Valladolid,Atlético de Madrid,2,5,A,1,3,A,19,9,6,6,14,8,9,1,2,1,0,0
01/05/2023,18:00,RCD Mallorca,Athletic Club,1,1,D,0,0,D,9,16,2,6,17,9,5,7,4,2,0,0
01/05/2023,20:00,Sevilla FC,Girona FC,0,2,A,0,1,A,23,9,5,3,14,11,6,1,1,1,0,0
02/05/2023,18:30,UD Almería,Elche CF,2,1,H,1,0,H,10,14,4,1,8,9,7,13,2,2,0,0
02/05/2023,18:30,FC Barcelona,Osasuna,1,0,H,0,0,D,21,7,4,2,7,10,11,0,0,0,0,1
02/05/2023,21:00,Real Sociedad,Real Madrid,2,0,H,0,0,D,9,10,4,5,17,9,2,6,1,5,0,1
03/05/2023,18:30,Valencia CF,Villarreal CF,1,1,D,0,0,D,8,11,1,4,14,13,6,6,4,2,0,0
03/05/2023,21:00,Atlético de Madrid,Cadiz CF,5,1,H,2,0,H,18,2,8,1,12,9,5,2,3,2,0,0
03/05/2023,21:00,Getafe CF,Celta de Vigo,1,0,H,1,0,H,14,7,4,1,21,14,1,5,7,5,0,1
04/05/2023,18:30,Girona FC,RCD Mallorca,2,1,H,1,0,H,17,8,7,2,9,13,9,5,4,0,0,0
04/05/2023,18:30,Sevilla FC,RCD Espanyol,3,2,H,1,2,A,18,7,6,3,15,11,9,0,1,2,0,0
04/05/2023,21:00,Athletic Club,Real Betis,0,1,A,0,1,A,21,12,6,2,13,7,13,2,1,3,1,0
04/05/2023,21:00,Rayo Vallecano,Real Valladolid,2,1,H,0,0,D,16,7,6,4,18,15,3,4,0,0,0,0
12/05/2023,20:00,RCD Mallorca,Cadiz CF,1,0,H,1,0,H,8,14,3,4,16,14,3,7,5,3,0,0
13/05/2023,13:00,Real Sociedad,Girona FC,2,2,D,2,2,D,18,13,6,6,22,13,7,4,5,3,0,1
13/05/2023,15:15,Osasuna,UD Almería,3,1,H,0,0,D,18,8,7,3,7,7,4,1,0,0,0,0
13/05/2023,17:30,Villarreal CF,Athletic Club,5,1,H,2,1,H,17,11,11,5,11,13,7,5,4,3,0,0
13/05/2023,20:00,Real Madrid,Getafe CF,1,0,H,0,0,D,16,9,3,2,5,23,1,3,1,4,0,0
14/05/2023,13:00,Celta de Vigo,Valencia CF,1,2,A,0,1,A,10,12,6,5,13,19,5,4,3,5,0,1
14/05/2023,15:15,Elche CF,Atlético de Madrid,1,0,H,1,0,H,15,13,4,4,16,3,3,5,2,0,0,0
14/05/2023,17:30,Real Valladolid,Sevilla FC,0,3,A,0,0,D,28,17,6,5,9,16,8,3,2,1,0,0
14/05/2023,20:00,RCD Espanyol,FC Barcelona,2,4,A,0,3,A,15,15,7,5,12,9,4,3,1,3,0,0
15/05/2023,20:00,Real Betis,Rayo Vallecano,3,1,H,2,0,H,11,16,5,4,11,9,6,5,3,2,0,1
19/05/2023,20:00,Cadiz CF,Real Valladolid,2,0,H,0,0,D,11,6,4,2,18,18,4,3,4,4,0,1
20/05/2023,13:00,Girona FC,Villarreal CF,1,2,A,1,1,D,9,10,3,5,16,11,3,1,2,1,0,0
20/05/2023,15:15,Athletic Club,Celta de Vigo,2,1,H,1,0,H,10,8,3,3,17,12,8,5,4,1,0,0
20/05/2023,17:30,UD Almería,RCD Mallorca,3,0,H,2,0,H,12,7,3,3,11,15,4,6,1,2,0,0
20/05/2023,17:30,Getafe CF,Elche CF,1,1,D,1,1,D,9,13,5,4,19,11,5,6,3,1,0,0
20/05/2023,20:00,FC Barcelona,Real Sociedad,1,2,A,0,1,A,13,13,4,6,8,16,8,2,4,4,0,0
21/05/2023,13:00,Rayo Vallecano,RCD Espanyol,1,2,A,1,1,D,15,10,5,6,8,11,4,4,2,2,0,0
21/05/2023,15:15,Atlético de Madrid,Osasuna,3,0,H,1,0,H,15,12,5,2,6,11,8,10,0,2,0,0
21/05/2023,17:30,Valencia CF,Real Madrid,1,0,H,1,0,H,12,13,6,5,13,4,2,9,4,2,0,1
21/05/2023,20:00,Sevilla FC,Real Betis,0,0,D,0,0,D,10,5,4,0,14,11,4,3,2,2,0,1
23/05/2023,18:30,Celta de Vigo,Girona FC,1,1,D,1,0,H,16,11,7,4,13,13,9,3,0,0,0,0
23/05/2023,18:30,Real Sociedad,UD Almería,1,0,H,1,0,H,15,2,2,2,20,8,10,2,0,1,0,1
23/05/2023,21:00,Real Valladolid,FC Barcelona,3,1,H,2,0,H,8,16,4,6,13,9,2,6,1,0,0,0
24/05/2023,18:30,Elche CF,Sevilla FC,1,1,D,1,1,D,20,9,7,3,12,10,9,5,1,4,0,1
24/05/2023,18:30,Real Madrid,Rayo Vallecano,2,1,H,1,0,H,12,15,3,6,11,14,5,2,1,3,0,0
24/05/2023,18:30,Villarreal CF,Cadiz CF,2,0,H,2,0,H,13,16,7,8,14,8,7,6,1,2,0,0
24/05/2023,21:00,Real Betis,Getafe CF,0,1,A,0,0,D,11,9,4,2,8,12,2,5,2,5,1,0
24/05/2023,21:00,RCD Espanyol,Atlético de Madrid,3,3,D,0,2,A,26,16,13,7,6,9,16,1,2,3,0,0
25/05/2023,18:30,RCD Mallorca,Valencia CF,1,0,H,0,0,D,4,15,3,5,15,12,2,4,4,2,0,0
25/05/2023,20:30,Osasuna,Athletic Club,2,0,H,0,0,D,9,10,3,5,17,13,3,6,3,3,0,0
27/05/2023,18:00,Sevilla FC,Real Madrid,1,2,A,1,1,D,11,6,1,3,23,10,1,1,2,4,1,0
28/05/2023,18:00,UD Almería,Real Valladolid,0,0,D,0,0,D,23,8,7,2,11,16,2,4,0,4,0,0
28/05/2023,18:00,Athletic Club,Elche CF,0,1,A,0,0,D,27,6,8,2,7,10,19,3,1,1,0,0
28/05/2023,18:00,Atlético de Madrid,Real Sociedad,2,1,H,1,0,H,11,10,5,5,8,10,6,4,2,2,0,0
28/05/2023,18:00,FC Barcelona,RCD Mallorca,3,0,H,2,0,H,28,3,9,1,4,9,14,3,0,0,0,1
28/05/2023,18:00,Cadiz CF,Celta de Vigo,1,0,H,0,0,D,13,9,3,4,16,10,3,3,9,5,0,0
28/05/2023,18:00,Getafe CF,Osasuna,2,1,H,1,1,D,16,10,6,2,11,6,1,1,3,1,0,0
28/05/2023,18:00,Girona FC,Real Betis,1,2,A,1,0,H,9,18,3,7,14,12,8,5,0,1,0,0
28/05/2023,18:00,Valencia CF,RCD Espanyol,2,2,D,1,1,D,19,9,4,5,12,12,10,3,0,4,0,0
28/05/2023,18:00,Rayo Vallecano,Villarreal CF,2,1,H,0,0,D,15,7,4,2,9,9,4,6,3,5,0,0
04/06/2023,17:30,RCD Mallorca,Rayo Vallecano,3,0,H,0,0,D,8,20,4,4,14,15,2,6,0,0,0,0
04/06/2023,17:30,Osasuna,Girona FC,2,1,H,0,0,D,14,11,7,6,12,9,5,2,1,5,0,0
04/06/2023,17:30,Real Madrid,Athletic Club,1,1,D,0,0,D,9,15,2,9,11,14,5,6,2,2,0,0
04/06/2023,17:30,Real Sociedad,Sevilla FC,2,1,H,1,0,H,17,9,6,4,10,13,5,2,0,1,0,0
04/06/2023,17:30,Villarreal CF,Atlético de Madrid,2,2,D,1,1,D,22,9,7,3,9,12,12,1,3,2,0,1
04/06/2023,20:00,Real Betis,Valencia CF,1,1,D,1,0,H,8,10,3,3,11,11,5,4,3,0,0,1
04/06/2023,20:00,Celta de Vigo,FC Barcelona,2,1,H,1,0,H,12,9,9,2,13,9,2,4,2,2,0,0
04/06/2023,20:00,Elche CF,Cadiz CF,1,1,D,0,1,A,12,14,5,3,18,8,7,4,4,3,0,0
04/06/2023,20:00,RCD Espanyol,UD Almería,3,3,D,1,1,D,12,11,8,4,11,12,7,6,2,3,0,0
04/06/2023,20:00,Real Valladolid,Getafe CF,0,0,D,0,0,D,15,4,0,1,9,25,6,1,1,3,0,0
